Title,Company,Location,Salary,Days ago,Date Scraped,URL
2023 Summer Student - PCB - Software Developer Intern,Royal Bank of Canada,Toronto,CA$57K - CA$98K (Glassdoor est.),2d,"02/11/2023, 18:20:15",https://www.glassdoor.com/partner/jobListing.htm?pos=101&ao=1136043&s=58&guid=0000018643354d56b47112f4ddf592aa&src=GD_JOB_AD&t=SR&vt=w&cs=1_4a24eef6&cb=1676164812354&jobListingId=1008462656907&jrtk=3-0-1gp1jajc52p8l001-1gp1jajcsklvp800-d296ba8dac5e012b-
Software Engineer Intern (Sports QE),Electronic Arts,Vancouver,,1 day ago,"02/11/2023, 18:20:15",https://www.glassdoor.com/partner/jobListing.htm?pos=102&ao=1136043&s=58&guid=0000018643354d56b47112f4ddf592aa&src=GD_JOB_AD&t=SR&vt=w&cs=1_fe9e8292&cb=1676164812354&jobListingId=1008464395685&jrtk=3-0-1gp1jajc52p8l001-1gp1jajcsklvp800-2c1a7a30d1fcc032-
Software Engineer Intern,Electronic Arts,Vancouver,,2d,"02/11/2023, 18:20:15",https://www.glassdoor.com/partner/jobListing.htm?pos=103&ao=1136043&s=58&guid=0000018643354d56b47112f4ddf592aa&src=GD_JOB_AD&t=SR&vt=w&cs=1_156088b4&cb=1676164812354&jobListingId=1008462386060&jrtk=3-0-1gp1jajc52p8l001-1gp1jajcsklvp800-cfdaeb21cf2ea322-
Software Developer Intern (May - 4 months),IBM,Toronto,,2d,"02/11/2023, 18:20:15",https://www.glassdoor.com/partner/jobListing.htm?pos=104&ao=1136043&s=58&guid=0000018643354d56b47112f4ddf592aa&src=GD_JOB_AD&t=SR&vt=w&cs=1_297d1d65&cb=1676164812354&jobListingId=1008462635733&jrtk=3-0-1gp1jajc52p8l001-1gp1jajcsklvp800-72146bfee6f418e5-
Software Developer- Intern,Eddyfi Technologies,Nanaimo,,2d,"02/11/2023, 18:20:15",https://www.glassdoor.com/partner/jobListing.htm?pos=105&ao=1136043&s=58&guid=0000018643354d56b47112f4ddf592aa&src=GD_JOB_AD&t=SR&vt=w&cs=1_c450f36e&cb=1676164812355&jobListingId=1008461702520&jrtk=3-0-1gp1jajc52p8l001-1gp1jajcsklvp800-6e4ed6e838aceb8d-
Software Developer Intern,Intelcom,Montreal,,2d,"02/11/2023, 18:20:15",https://www.glassdoor.com/partner/jobListing.htm?pos=106&ao=1136043&s=58&guid=0000018643354d56b47112f4ddf592aa&src=GD_JOB_AD&t=SR&vt=w&cs=1_b207ff3a&cb=1676164812355&jobListingId=1008462292486&jrtk=3-0-1gp1jajc52p8l001-1gp1jajcsklvp800-3b9e784298d7dc62-
2023 Summer Student - PCB - Application Support/Maintenance/Development Intern,Royal Bank of Canada,Toronto,CA$42K - CA$51K (Glassdoor est.),2d,"02/11/2023, 18:20:15",https://www.glassdoor.com/partner/jobListing.htm?pos=107&ao=1136043&s=58&guid=0000018643354d56b47112f4ddf592aa&src=GD_JOB_AD&t=SR&vt=w&cs=1_518a636b&cb=1676164812355&jobListingId=1008462023368&jrtk=3-0-1gp1jajc52p8l001-1gp1jajcsklvp800-b867ecc4369ad9b9-
AI Programmer Intern - IRON MAN,Electronic Arts,Montreal,,1 day ago,"02/11/2023, 18:20:15",https://www.glassdoor.com/partner/jobListing.htm?pos=108&ao=1136043&s=58&guid=0000018643354d56b47112f4ddf592aa&src=GD_JOB_AD&t=SR&vt=w&cs=1_a74c0fea&cb=1676164812355&jobListingId=1008464395676&jrtk=3-0-1gp1jajc52p8l001-1gp1jajcsklvp800-da2701c37877ac1e-
Programmer (Intern),2K,Parksville,,1 day ago,"02/11/2023, 18:20:15",https://www.glassdoor.com/partner/jobListing.htm?pos=109&ao=1136043&s=58&guid=0000018643354d56b47112f4ddf592aa&src=GD_JOB_AD&t=SR&vt=w&ea=1&cs=1_2dee9456&cb=1676164812355&jobListingId=1008463097847&jrtk=3-0-1gp1jajc52p8l001-1gp1jajcsklvp800-d72d110b4564a308-
"Junior Data Engineer, Summer 2023 (Co-op/Intern) - 4 Months",BMO Financial Group,Toronto,CA$80K - CA$94K (Glassdoor est.),2d,"02/11/2023, 18:20:15",https://www.glassdoor.com/partner/jobListing.htm?pos=110&ao=1136043&s=58&guid=0000018643354d56b47112f4ddf592aa&src=GD_JOB_AD&t=SR&vt=w&cs=1_19fb2bcb&cb=1676164812355&jobListingId=1008462192026&jrtk=3-0-1gp1jajc52p8l001-1gp1jajcsklvp800-7f6b753bacae356d-
"Site Reliability Engineer, Summer Intern 2023 (OR040228)",Capital One,Toronto,,24h,"02/11/2023, 18:20:15",https://www.glassdoor.com/partner/jobListing.htm?pos=111&ao=1136043&s=58&guid=0000018643354d56b47112f4ddf592aa&src=GD_JOB_AD&t=SR&vt=w&cs=1_5357eb8c&cb=1676164812355&jobListingId=1008465797469&jrtk=3-0-1gp1jajc52p8l001-1gp1jajcsklvp800-d2e06697b66df90c-
Programmer (Intern),Visual Concepts,Parksville,,1 day ago,"02/11/2023, 18:20:15",https://www.glassdoor.com/partner/jobListing.htm?pos=112&ao=1136043&s=58&guid=0000018643354d56b47112f4ddf592aa&src=GD_JOB_AD&t=SR&vt=w&ea=1&cs=1_f63c46e9&cb=1676164812355&jobListingId=1008463097845&jrtk=3-0-1gp1jajc52p8l001-1gp1jajcsklvp800-aa3f80e83252e43f-
Data Analyst (MS Purview) Coop/Intern,NOKIA,Ottawa,CA$108K - CA$124K (Glassdoor est.),1 day ago,"02/11/2023, 18:20:15",https://www.glassdoor.com/partner/jobListing.htm?pos=113&ao=1136043&s=58&guid=0000018643354d56b47112f4ddf592aa&src=GD_JOB_AD&t=SR&vt=w&cs=1_e2763fad&cb=1676164812355&jobListingId=1008464849845&jrtk=3-0-1gp1jajc52p8l001-1gp1jajcsklvp800-dddf1263a3a484db-
Student Intern Web Developer,RG&E Solutions Ltd.,Calgary,CA$30K - CA$60K (Employer est.),2d,"02/11/2023, 18:20:15",https://www.glassdoor.com/partner/jobListing.htm?pos=114&ao=1136043&s=58&guid=0000018643354d56b47112f4ddf592aa&src=GD_JOB_AD&t=SR&vt=w&ea=1&cs=1_35e4a1f5&cb=1676164812355&jobListingId=1008460532745&jrtk=3-0-1gp1jajc52p8l001-1gp1jajcsklvp800-07e7fb3a1a7bf117-
Cloud Automation Test Engineer Intern,"Thales DIS CPL Canada, Inc",Ottawa,,2d,"02/11/2023, 18:20:15",https://www.glassdoor.com/partner/jobListing.htm?pos=115&ao=1136043&s=58&guid=0000018643354d56b47112f4ddf592aa&src=GD_JOB_AD&t=SR&vt=w&cs=1_8f9ad4da&cb=1676164812356&jobListingId=1008462103615&jrtk=3-0-1gp1jajc52p8l001-1gp1jajcsklvp800-c6146aebcd337f06-
Cloud Automation Test Engineer Intern,Thales,Ottawa,,2d,"02/11/2023, 18:20:15",https://www.glassdoor.com/partner/jobListing.htm?pos=116&ao=1136043&s=58&guid=0000018643354d56b47112f4ddf592aa&src=GD_JOB_AD&t=SR&vt=w&cs=1_a72aa443&cb=1676164812356&jobListingId=1008462341002&jrtk=3-0-1gp1jajc52p8l001-1gp1jajcsklvp800-f2e668f39d8c3ad9-
Tesla Toronto Controls Software Automation Engineering Internship/Co-Op (Fall 2023),Tesla,Richmond Hill,,1 day ago,"02/12/2023, 11:05:21",https://www.glassdoor.com/partner/jobListing.htm?pos=109&ao=1136043&s=58&guid=0000018646cd7a7f93d36969e4243b4b&src=GD_JOB_AD&t=SR&vt=w&cs=1_160129a3&cb=1676225117055&jobListingId=1008465390296&jrtk=3-0-1gp3cqulhjcbj801-1gp3cqumbia1a800-c6dd08084953960e-
