Title,Company,Location,Salary,Days ago,Dated Scraped,URL
,,,,,,
Professional Services Cloud Consultant Intern,"Amazon Web Services Canada, In","Toronto, ON",Full-time +1, 1 day ago,"01/21/2023, 17:39:37",https://ca.indeed.com/rc/clk?jk=972a7cba26a2c271&fccid=5cc0cdc6dbb121cc&vjs=3
"Stagiaire du dÃ©veloppement logiciel (mai Ã  aoÃ»t 2023) | Intern, Software Development (May-Aug 2023)",Autodesk,"Hybrid remote in MontrÃ©al, QC",Full-time +1, 1 day ago,"01/21/2023, 17:39:37",https://ca.indeed.com/rc/clk?jk=b395168017251048&fccid=7136762d065a5ad7&vjs=3
Internship - Embedded Software Verification - 1...,SystÃ¨mes & Logiciels Mannarino,Remote,Full-time +1, 1 day ago,"01/21/2023, 17:39:37",https://ca.indeed.com/rc/clk?jk=3443fd1e832e5239&fccid=3f0f1464e5b3de46&vjs=3
Internship - Embedded Software Verification - 1...,Mannarino,"Saint-Laurent, QC",Full-time +1,PostedToday,"01/21/2023, 17:39:37",https://ca.indeed.com/rc/clk?jk=3ca074ce6fa39e37&fccid=a27173e26b74142d&vjs=3
DÃ©veloppeur Recherche Stagiaire (ÃtÃ© 2023) - Research Developer Intern (Summer 2023),Nuance,"MontrÃ©al, QC",Full-time +1, 1 day ago,"01/21/2023, 17:39:37",https://ca.indeed.com/rc/clk?jk=9df93d7c61ab0ee1&fccid=70a7f49a5b57c331&vjs=3
Internship Â Developer (Performance & Scalability) / Stagiaire Â DÃ©veloppeur (Performance et Ã©volutivitÃ©),Tecsys,"MontrÃ©al, QC",Full-time +1,PostedToday,"01/21/2023, 17:39:37",https://ca.indeed.com/rc/clk?jk=1f4578284348d0e4&fccid=991785303e768c5d&vjs=3
Software Engineering Intern,Ten Thousand Coffees,"Toronto, ON+2 locations",$32.00$37.30 an hour, 2 days ago,"01/21/2023, 17:40:10",https://ca.indeed.com/rc/clk?jk=f4112d1451a84ec2&fccid=d812314fd277d9e1&vjs=3
Software Engineering Intern (May-Dec 2023),Deep Genomics,"Toronto, ON",Internship / Co-op, 2 days ago,"01/21/2023, 17:40:10",https://ca.indeed.com/rc/clk?jk=9d0603623058745c&fccid=7439b4dd3d2dd6bc&vjs=3
Jr. Software Engineer Intern (Hybrid),Broadridge,"Remote in Toronto, ON",Full-time +1, 5 days ago,"01/21/2023, 17:40:10",https://ca.indeed.com/rc/clk?jk=f957a8e133c60148&fccid=55e246035f02c566&vjs=3
Software Developer Intern (Web),Railvision Analytics,Remote,Full-time +1, 4 days ago,"01/21/2023, 17:40:10",https://ca.indeed.com/rc/clk?jk=71451b2e0f83137a&fccid=47912a4ddabe9c7c&vjs=3
Software Engineer Intern - Summer 2023,"Guidewire Software, Inc.","Toronto, ON",Internship / Co-op, 5 days ago,"01/21/2023, 17:40:10",https://ca.indeed.com/rc/clk?jk=0cd74761563d62a4&fccid=be90d89fb010b0bf&vjs=3
Software Development Co-op/ Intern,NOKIA,"Remote in Ottawa, ON",Full-time +1, 1 day ago,"01/21/2023, 17:40:10",https://ca.indeed.com/rc/clk?jk=f304918973c93bdc&fccid=3444e7c94299ba32&vjs=3
Software Developer Intern (May - 12 month),IBM,"Markham, ON",Full-time +1, 1 day ago,"01/21/2023, 17:40:10",https://ca.indeed.com/rc/clk?jk=f6180a775fead41d&fccid=de71a49b535e21cb&vjs=3
Software Developer Intern,Railvision Analytics,Remote,Full-time +1, 3 days ago,"01/21/2023, 17:40:10",https://ca.indeed.com/rc/clk?jk=7a6b64d0aed53a7d&fccid=47912a4ddabe9c7c&vjs=3
"Co-Op/Intern Software Developer, Architecture & Innovation",Kinaxis,"Remote in Ottawa, ON",Internship / Co-op, 5 days ago,"01/21/2023, 17:40:10",https://ca.indeed.com/rc/clk?jk=d13817fd879545f5&fccid=2b42faad345a6de3&vjs=3
Full Stack Software developer intern,KnockNow,"Vancouver, BC",$17.50 an hour, 2 days ago,"01/21/2023, 17:40:10",https://ca.indeed.com/company/Knocknow/jobs/Full-Stack-Software-Developer-Intern-7514928ede00d134?fccid=aebdcceb1b4b5c33&vjs=3
Software Developer Co-op/Intern,NOKIA,"Hybrid remote in Ottawa, ON",Full-time +1, 7 days ago,"01/21/2023, 17:40:10",https://ca.indeed.com/rc/clk?jk=2c63ceeb7d2e01c6&fccid=3444e7c94299ba32&vjs=3
Associate Software Engineer Intern (Hybrid),Broadridge,"Remote in Vancouver, BC",Full-time +1, 5 days ago,"01/21/2023, 17:40:10",https://ca.indeed.com/rc/clk?jk=a28fde08e85a7e36&fccid=55e246035f02c566&vjs=3
Photonics Software Engineer  Intern/Co-op,Ciena,"Ottawa, ON",Full-time +1, 2 days ago,"01/21/2023, 17:40:10",https://ca.indeed.com/rc/clk?jk=d2234c28c98818bc&fccid=144a39be55e8440b&vjs=3
Software Developer Intern (Mobile),Railvision Analytics,Remote,Full-time +1, 3 days ago,"01/21/2023, 17:40:10",https://ca.indeed.com/rc/clk?jk=06280fd1bbcc7e19&fccid=47912a4ddabe9c7c&vjs=3
Google Analytics Developer Part-time Intern,KnockNow,"Vancouver, BC",$17.50 an hour, 2 days ago,"01/21/2023, 17:40:10",https://ca.indeed.com/company/Knocknow/jobs/Google-Analytic-Developer-Part-Time-Intern-24cf16264903bcd1?fccid=aebdcceb1b4b5c33&vjs=3
